{
	"A": "A",
	"Α": "A",
	"А": "A",
	"Ꭺ": "A",
	"ᗅ": "A",
	"ᴀ": "A",
	"ꓮ": "A",
	"ꭺ": "A",
	"Ａ": "A",
	"𐊠": "A",
	"𖽀": "A",
	"𝐀": "A",
	"𝐴": "A",
	"𝑨": "A",
	"𝒜": "A",
	"𝓐": "A",
	"𝔄": "A",
	"𝔸": "A",
	"𝕬": "A",
	"𝖠": "A",
	"𝗔": "A",
	"𝘈": "A",
	"𝘼": "A",
	"𝙰": "A",
	"𝚨": "A",
	"𝛢": "A",
	"𝜜": "A",
	"𝝖": "A",
	"𝞐": "A",
	"B": "B",
	"ʙ": "B",
	"Β": "B",
	"В": "B",
	"в": "B",
	"Ᏼ": "B",
	"ᏼ": "B",
	"ᗷ": "B",
	"ᛒ": "B",
	"ℬ": "B",
	"ꓐ": "B",
	"Ꞵ": "B",
	"Ｂ": "B",
	"𐊂": "B",
	"𐊡": "B",
	"𐌁": "B",
	"𝐁": "B",
	"𝐵": "B",
	"𝑩": "B",
	"𝓑": "B",
	"𝔅": "B",
	"𝔹": "B",
	"𝕭": "B",
	"𝖡": "B",
	"𝗕": "B",
	"𝘉": "B",
	"𝘽": "B",
	"𝙱": "B",
	"𝚩": "B",
	"𝛣": "B",
	"𝜝": "B",
	"𝝗": "B",
	"𝞑": "B",
	"C": "C",
	"Ϲ": "C",
	"С": "C",
	"Ꮯ": "C",
	"ℂ": "C",
	"ℭ": "C",
	"Ⅽ": "C",
	"Ⲥ": "C",
	"ꓚ": "C",
	"Ｃ": "C",
	"𐊢": "C",
	"𐌂": "C",
	"𐐕": "C",
	"𐔜": "C",
	"𑣩": "C",
	"𑣲": "C",
	"𝐂": "C",
	"𝐶": "C",
	"𝑪": "C",
	"𝒞": "C",
	"𝓒": "C",
	"𝕮": "C",
	"𝖢": "C",
	"𝗖": "C",
	"𝘊": "C",
	"𝘾": "C",
	"𝙲": "C",
	"🝌": "C",
	"D": "D",
	"Ꭰ": "D",
	"ᗞ": "D",
	"ᗪ": "D",
	"ᴅ": "D",
	"ⅅ": "D",
	"Ⅾ": "D",
	"ꓓ": "D",
	"ꭰ": "D",
	"Ｄ": "D",
	"𝐃": "D",
	"𝐷": "D",
	"𝑫": "D",
	"𝒟": "D",
	"𝓓": "D",
	"𝔇": "D",
	"𝔻": "D",
	"𝕯": "D",
	"𝖣": "D",
	"𝗗": "D",
	"𝘋": "D",
	"𝘿": "D",
	"𝙳": "D",
	"E": "E",
	"Ε": "E",
	"Е": "E",
	"Ꭼ": "E",
	"ᴇ": "E",
	"ℰ": "E",
	"⋿": "E",
	"ⴹ": "E",
	"ꓰ": "E",
	"ꭼ": "E",
	"Ｅ": "E",
	"𐊆": "E",
	"𑢦": "E",
	"𑢮": "E",
	"𝐄": "E",
	"𝐸": "E",
	"𝑬": "E",
	"𝓔": "E",
	"𝔈": "E",
	"𝔼": "E",
	"𝕰": "E",
	"𝖤": "E",
	"𝗘": "E",
	"𝘌": "E",
	"𝙀": "E",
	"𝙴": "E",
	"𝚬": "E",
	"𝛦": "E",
	"𝜠": "E",
	"𝝚": "E",
	"𝞔": "E",
	"F": "F",
	"Ϝ": "F",
	"ᖴ": "F",
	"ℱ": "F",
	"ꓝ": "F",
	"Ꞙ": "F",
	"Ｆ": "F",
	"𐊇": "F",
	"𐊥": "F",
	"𐔥": "F",
	"𑢢": "F",
	"𑣂": "F",
	"𝈓": "F",
	"𝐅": "F",
	"𝐹": "F",
	"𝑭": "F",
	"𝓕": "F",
	"𝔉": "F",
	"𝔽": "F",
	"𝕱": "F",
	"𝖥": "F",
	"𝗙": "F",
	"𝘍": "F",
	"𝙁": "F",
	"𝙵": "F",
	"𝟊": "F",
	"G": "G",
	"ɢ": "G",
	"Ԍ": "G",
	"ԍ": "G",
	"Ꮐ": "G",
	"Ᏻ": "G",
	"ᏻ": "G",
	"ꓖ": "G",
	"ꮐ": "G",
	"Ｇ": "G",
	"𝐆": "G",
	"𝐺": "G",
	"𝑮": "G",
	"𝒢": "G",
	"𝓖": "G",
	"𝔊": "G",
	"𝔾": "G",
	"𝕲": "G",
	"𝖦": "G",
	"𝗚": "G",
	"𝘎": "G",
	"𝙂": "G",
	"𝙶": "G",
	"H": "H",
	"ʜ": "H",
	"Η": "H",
	"Н": "H",
	"н": "H",
	"Ꮋ": "H",
	"ᕼ": "H",
	"ℋ": "H",
	"ℌ": "H",
	"ℍ": "H",
	"Ⲏ": "H",
	"ꓧ": "H",
	"ꮋ": "H",
	"Ｈ": "H",
	"𐋏": "H",
	"𝐇": "H",
	"𝐻": "H",
	"𝑯": "H",
	"𝓗": "H",
	"𝕳": "H",
	"𝖧": "H",
	"𝗛": "H",
	"𝘏": "H",
	"𝙃": "H",
	"𝙷": "H",
	"𝚮": "H",
	"𝛨": "H",
	"𝜢": "H",
	"𝝜": "H",
	"𝞖": "H",
	"J": "J",
	"Ϳ": "J",
	"Ј": "J",
	"Ꭻ": "J",
	"ᒍ": "J",
	"ᴊ": "J",
	"ꓙ": "J",
	"Ʝ": "J",
	"ꭻ": "J",
	"Ｊ": "J",
	"𝐉": "J",
	"𝐽": "J",
	"𝑱": "J",
	"𝒥": "J",
	"𝓙": "J",
	"𝔍": "J",
	"𝕁": "J",
	"𝕵": "J",
	"𝖩": "J",
	"𝗝": "J",
	"𝘑": "J",
	"𝙅": "J",
	"𝙹": "J",
	"K": "K",
	"Κ": "K",
	"К": "K",
	"Ꮶ": "K",
	"ᛕ": "K",
	"K": "K",
	"Ⲕ": "K",
	"ꓗ": "K",
	"Ｋ": "K",
	"𐔘": "K",
	"𝐊": "K",
	"𝐾": "K",
	"𝑲": "K",
	"𝒦": "K",
	"𝓚": "K",
	"𝔎": "K",
	"𝕂": "K",
	"𝕶": "K",
	"𝖪": "K",
	"𝗞": "K",
	"𝘒": "K",
	"𝙆": "K",
	"𝙺": "K",
	"𝚱": "K",
	"𝛫": "K",
	"𝜥": "K",
	"𝝟": "K",
	"𝞙": "K",
	"L": "L",
	"ʟ": "L",
	"Ꮮ": "L",
	"ᒪ": "L",
	"ℒ": "L",
	"Ⅼ": "L",
	"Ⳑ": "L",
	"ⳑ": "L",
	"ꓡ": "L",
	"ꮮ": "L",
	"Ｌ": "L",
	"𐐛": "L",
	"𐑃": "L",
	"𐔦": "L",
	"𑢣": "L",
	"𑢲": "L",
	"𖼖": "L",
	"𝈪": "L",
	"𝐋": "L",
	"𝐿": "L",
	"𝑳": "L",
	"𝓛": "L",
	"𝔏": "L",
	"𝕃": "L",
	"𝕷": "L",
	"𝖫": "L",
	"𝗟": "L",
	"𝘓": "L",
	"𝙇": "L",
	"𝙻": "L",
	"M": "M",
	"Μ": "M",
	"Ϻ": "M",
	"М": "M",
	"Ꮇ": "M",
	"ᗰ": "M",
	"ᛖ": "M",
	"ℳ": "M",
	"Ⅿ": "M",
	"Ⲙ": "M",
	"ꓟ": "M",
	"Ｍ": "M",
	"𐊰": "M",
	"𐌑": "M",
	"𝐌": "M",
	"𝑀": "M",
	"𝑴": "M",
	"𝓜": "M",
	"𝔐": "M",
	"𝕄": "M",
	"𝕸": "M",
	"𝖬": "M",
	"𝗠": "M",
	"𝘔": "M",
	"𝙈": "M",
	"𝙼": "M",
	"𝚳": "M",
	"𝛭": "M",
	"𝜧": "M",
	"𝝡": "M",
	"𝞛": "M",
	"N": "N",
	"ɴ": "N",
	"Ν": "N",
	"ℕ": "N",
	"Ⲛ": "N",
	"ꓠ": "N",
	"Ｎ": "N",
	"𐔓": "N",
	"𝐍": "N",
	"𝑁": "N",
	"𝑵": "N",
	"𝒩": "N",
	"𝓝": "N",
	"𝔑": "N",
	"𝕹": "N",
	"𝖭": "N",
	"𝗡": "N",
	"𝘕": "N",
	"𝙉": "N",
	"𝙽": "N",
	"𝚴": "N",
	"𝛮": "N",
	"𝜨": "N",
	"𝝢": "N",
	"𝞜": "N",
	"P": "P",
	"Ρ": "P",
	"Р": "P",
	"Ꮲ": "P",
	"ᑭ": "P",
	"ᴘ": "P",
	"ᴩ": "P",
	"ℙ": "P",
	"Ⲣ": "P",
	"ꓑ": "P",
	"ꮲ": "P",
	"Ｐ": "P",
	"𐊕": "P",
	"𝐏": "P",
	"𝑃": "P",
	"𝑷": "P",
	"𝒫": "P",
	"𝓟": "P",
	"𝔓": "P",
	"𝕻": "P",
	"𝖯": "P",
	"𝗣": "P",
	"𝘗": "P",
	"𝙋": "P",
	"𝙿": "P",
	"𝚸": "P",
	"𝛲": "P",
	"𝜬": "P",
	"𝝦": "P",
	"𝞠": "P",
	"Q": "Q",
	"ℚ": "Q",
	"ⵕ": "Q",
	"Ｑ": "Q",
	"𝐐": "Q",
	"𝑄": "Q",
	"𝑸": "Q",
	"𝒬": "Q",
	"𝓠": "Q",
	"𝔔": "Q",
	"𝕼": "Q",
	"𝖰": "Q",
	"𝗤": "Q",
	"𝘘": "Q",
	"𝙌": "Q",
	"𝚀": "Q",
	"R": "R",
	"Ʀ": "R",
	"ʀ": "R",
	"Ꭱ": "R",
	"Ꮢ": "R",
	"ᖇ": "R",
	"ᚱ": "R",
	"ℛ": "R",
	"ℜ": "R",
	"ℝ": "R",
	"ꓣ": "R",
	"ꭱ": "R",
	"ꮢ": "R",
	"Ｒ": "R",
	"𐒴": "R",
	"𖼵": "R",
	"𝈖": "R",
	"𝐑": "R",
	"𝑅": "R",
	"𝑹": "R",
	"𝓡": "R",
	"𝕽": "R",
	"𝖱": "R",
	"𝗥": "R",
	"𝘙": "R",
	"𝙍": "R",
	"𝚁": "R",
	"S": "S",
	"Ѕ": "S",
	"Տ": "S",
	"Ꮥ": "S",
	"Ꮪ": "S",
	"ꓢ": "S",
	"Ｓ": "S",
	"𐊖": "S",
	"𐐠": "S",
	"𖼺": "S",
	"𝐒": "S",
	"𝑆": "S",
	"𝑺": "S",
	"𝒮": "S",
	"𝓢": "S",
	"𝔖": "S",
	"𝕊": "S",
	"𝕾": "S",
	"𝖲": "S",
	"𝗦": "S",
	"𝘚": "S",
	"𝙎": "S",
	"𝚂": "S",
	"T": "T",
	"Τ": "T",
	"τ": "T",
	"Т": "T",
	"т": "T",
	"Ꭲ": "T",
	"ᴛ": "T",
	"⊤": "T",
	"⟙": "T",
	"Ⲧ": "T",
	"ꓔ": "T",
	"ꭲ": "T",
	"Ｔ": "T",
	"𐊗": "T",
	"𐊱": "T",
	"𐌕": "T",
	"𑢼": "T",
	"𖼊": "T",
	"𝐓": "T",
	"𝑇": "T",
	"𝑻": "T",
	"𝒯": "T",
	"𝓣": "T",
	"𝔗": "T",
	"𝕋": "T",
	"𝕿": "T",
	"𝖳": "T",
	"𝗧": "T",
	"𝘛": "T",
	"𝙏": "T",
	"𝚃": "T",
	"𝚻": "T",
	"𝛕": "T",
	"𝛵": "T",
	"𝜏": "T",
	"𝜯": "T",
	"𝝉": "T",
	"𝝩": "T",
	"𝞃": "T",
	"𝞣": "T",
	"𝞽": "T",
	"🝨": "T",
	"U": "U",
	"Ս": "U",
	"ሀ": "U",
	"ᑌ": "U",
	"∪": "U",
	"⋃": "U",
	"ꓴ": "U",
	"Ｕ": "U",
	"𐓎": "U",
	"𑢸": "U",
	"𖽂": "U",
	"𝐔": "U",
	"𝑈": "U",
	"𝑼": "U",
	"𝒰": "U",
	"𝓤": "U",
	"𝔘": "U",
	"𝕌": "U",
	"𝖀": "U",
	"𝖴": "U",
	"𝗨": "U",
	"𝘜": "U",
	"𝙐": "U",
	"𝚄": "U",
	"V": "V",
	"Ѵ": "V",
	"٧": "V",
	"۷": "V",
	"Ꮩ": "V",
	"ᐯ": "V",
	"Ⅴ": "V",
	"ⴸ": "V",
	"ꓦ": "V",
	"ꛟ": "V",
	"Ｖ": "V",
	"𐔝": "V",
	"𑢠": "V",
	"𖼈": "V",
	"𝈍": "V",
	"𝐕": "V",
	"𝑉": "V",
	"𝑽": "V",
	"𝒱": "V",
	"𝓥": "V",
	"𝔙": "V",
	"𝕍": "V",
	"𝖁": "V",
	"𝖵": "V",
	"𝗩": "V",
	"𝘝": "V",
	"𝙑": "V",
	"𝚅": "V",
	"W": "W",
	"Ԝ": "W",
	"Ꮃ": "W",
	"Ꮤ": "W",
	"ꓪ": "W",
	"Ｗ": "W",
	"𑣦": "W",
	"𑣯": "W",
	"𝐖": "W",
	"𝑊": "W",
	"𝑾": "W",
	"𝒲": "W",
	"𝓦": "W",
	"𝔚": "W",
	"𝕎": "W",
	"𝖂": "W",
	"𝖶": "W",
	"𝗪": "W",
	"𝘞": "W",
	"𝙒": "W",
	"𝚆": "W",
	"X": "X",
	"Χ": "X",
	"Х": "X",
	"᙭": "X",
	"ᚷ": "X",
	"Ⅹ": "X",
	"╳": "X",
	"Ⲭ": "X",
	"ⵝ": "X",
	"ꓫ": "X",
	"Ꭓ": "X",
	"Ｘ": "X",
	"𐊐": "X",
	"𐊴": "X",
	"𐌗": "X",
	"𐌢": "X",
	"𐔧": "X",
	"𑣬": "X",
	"𝐗": "X",
	"𝑋": "X",
	"𝑿": "X",
	"𝒳": "X",
	"𝓧": "X",
	"𝔛": "X",
	"𝕏": "X",
	"𝖃": "X",
	"𝖷": "X",
	"𝗫": "X",
	"𝘟": "X",
	"𝙓": "X",
	"𝚇": "X",
	"𝚾": "X",
	"𝛸": "X",
	"𝜲": "X",
	"𝝬": "X",
	"𝞦": "X",
	"Y": "Y",
	"Υ": "Y",
	"ϒ": "Y",
	"У": "Y",
	"Ү": "Y",
	"Ꭹ": "Y",
	"Ꮍ": "Y",
	"Ⲩ": "Y",
	"ꓬ": "Y",
	"Ｙ": "Y",
	"𐊲": "Y",
	"𑢤": "Y",
	"𖽃": "Y",
	"𝐘": "Y",
	"𝑌": "Y",
	"𝒀": "Y",
	"𝒴": "Y",
	"𝓨": "Y",
	"𝔜": "Y",
	"𝕐": "Y",
	"𝖄": "Y",
	"𝖸": "Y",
	"𝗬": "Y",
	"𝘠": "Y",
	"𝙔": "Y",
	"𝚈": "Y",
	"𝚼": "Y",
	"𝛶": "Y",
	"𝜰": "Y",
	"𝝪": "Y",
	"𝞤": "Y",
	"Z": "Z",
	"Ζ": "Z",
	"Ꮓ": "Z",
	"ℤ": "Z",
	"ℨ": "Z",
	"ꓜ": "Z",
	"Ｚ": "Z",
	"𐋵": "Z",
	"𑢩": "Z",
	"𑣥": "Z",
	"𝐙": "Z",
	"𝑍": "Z",
	"𝒁": "Z",
	"𝒵": "Z",
	"𝓩": "Z",
	"𝖅": "Z",
	"𝖹": "Z",
	"𝗭": "Z",
	"𝘡": "Z",
	"𝙕": "Z",
	"𝚉": "Z",
	"𝚭": "Z",
	"𝛧": "Z",
	"𝜡": "Z",
	"𝝛": "Z",
	"𝞕": "Z",
	"a": "a",
	"ɑ": "a",
	"α": "a",
	"а": "a",
	"⍺": "a",
	"ａ": "a",
	"𝐚": "a",
	"𝑎": "a",
	"𝒂": "a",
	"𝒶": "a",
	"𝓪": "a",
	"𝔞": "a",
	"𝕒": "a",
	"𝖆": "a",
	"𝖺": "a",
	"𝗮": "a",
	"𝘢": "a",
	"𝙖": "a",
	"𝚊": "a",
	"𝛂": "a",
	"𝛼": "a",
	"𝜶": "a",
	"𝝰": "a",
	"𝞪": "a",
	"b": "b",
	"Ƅ": "b",
	"Ь": "b",
	"Ꮟ": "b",
	"ᖯ": "b",
	"ｂ": "b",
	"𝐛": "b",
	"𝑏": "b",
	"𝒃": "b",
	"𝒷": "b",
	"𝓫": "b",
	"𝔟": "b",
	"𝕓": "b",
	"𝖇": "b",
	"𝖻": "b",
	"𝗯": "b",
	"𝘣": "b",
	"𝙗": "b",
	"𝚋": "b",
	"c": "c",
	"ϲ": "c",
	"с": "c",
	"ᴄ": "c",
	"ⅽ": "c",
	"ⲥ": "c",
	"ꮯ": "c",
	"ｃ": "c",
	"𐐽": "c",
	"𝐜": "c",
	"𝑐": "c",
	"𝒄": "c",
	"𝒸": "c",
	"𝓬": "c",
	"𝔠": "c",
	"𝕔": "c",
	"𝖈": "c",
	"𝖼": "c",
	"𝗰": "c",
	"𝘤": "c",
	"𝙘": "c",
	"𝚌": "c",
	"d": "d",
	"ԁ": "d",
	"Ꮷ": "d",
	"ᑯ": "d",
	"ⅆ": "d",
	"ⅾ": "d",
	"ꓒ": "d",
	"ｄ": "d",
	"𝐝": "d",
	"𝑑": "d",
	"𝒅": "d",
	"𝒹": "d",
	"𝓭": "d",
	"𝔡": "d",
	"𝕕": "d",
	"𝖉": "d",
	"𝖽": "d",
	"𝗱": "d",
	"𝘥": "d",
	"𝙙": "d",
	"𝚍": "d",
	"e": "e",
	"е": "e",
	"ҽ": "e",
	"℮": "e",
	"ℯ": "e",
	"ⅇ": "e",
	"ꬲ": "e",
	"ｅ": "e",
	"𝐞": "e",
	"𝑒": "e",
	"𝒆": "e",
	"𝓮": "e",
	"𝔢": "e",
	"𝕖": "e",
	"𝖊": "e",
	"𝖾": "e",
	"𝗲": "e",
	"𝘦": "e",
	"𝙚": "e",
	"𝚎": "e",
	"f": "f",
	"ſ": "f",
	"ϝ": "f",
	"ք": "f",
	"ẝ": "f",
	"ꞙ": "f",
	"ꬵ": "f",
	"ｆ": "f",
	"𝐟": "f",
	"𝑓": "f",
	"𝒇": "f",
	"𝒻": "f",
	"𝓯": "f",
	"𝔣": "f",
	"𝕗": "f",
	"𝖋": "f",
	"𝖿": "f",
	"𝗳": "f",
	"𝘧": "f",
	"𝙛": "f",
	"𝚏": "f",
	"𝟋": "f",
	"g": "g",
	"ƍ": "g",
	"ɡ": "g",
	"ց": "g",
	"ᶃ": "g",
	"ℊ": "g",
	"ｇ": "g",
	"𝐠": "g",
	"𝑔": "g",
	"𝒈": "g",
	"𝓰": "g",
	"𝔤": "g",
	"𝕘": "g",
	"𝖌": "g",
	"𝗀": "g",
	"𝗴": "g",
	"𝘨": "g",
	"𝙜": "g",
	"𝚐": "g",
	"h": "h",
	"һ": "h",
	"հ": "h",
	"Ꮒ": "h",
	"ℎ": "h",
	"ｈ": "h",
	"𝐡": "h",
	"𝒉": "h",
	"𝒽": "h",
	"𝓱": "h",
	"𝔥": "h",
	"𝕙": "h",
	"𝖍": "h",
	"𝗁": "h",
	"𝗵": "h",
	"𝘩": "h",
	"𝙝": "h",
	"𝚑": "h",
	"i": "i",
	"ı": "i",
	"ɩ": "i",
	"ɪ": "i",
	"˛": "i",
	"ͺ": "i",
	"ι": "i",
	"і": "i",
	"ӏ": "i",
	"Ꭵ": "i",
	"ι": "i",
	"ℹ": "i",
	"ⅈ": "i",
	"ⅰ": "i",
	"⍳": "i",
	"ꙇ": "i",
	"ꭵ": "i",
	"ｉ": "i",
	"𑣃": "i",
	"𝐢": "i",
	"𝑖": "i",
	"𝒊": "i",
	"𝒾": "i",
	"𝓲": "i",
	"𝔦": "i",
	"𝕚": "i",
	"𝖎": "i",
	"𝗂": "i",
	"𝗶": "i",
	"𝘪": "i",
	"𝙞": "i",
	"𝚒": "i",
	"𝚤": "i",
	"𝛊": "i",
	"𝜄": "i",
	"𝜾": "i",
	"𝝸": "i",
	"𝞲": "i",
	"j": "j",
	"ϳ": "j",
	"ј": "j",
	"ⅉ": "j",
	"ｊ": "j",
	"𝐣": "j",
	"𝑗": "j",
	"𝒋": "j",
	"𝒿": "j",
	"𝓳": "j",
	"𝔧": "j",
	"𝕛": "j",
	"𝖏": "j",
	"𝗃": "j",
	"𝗷": "j",
	"𝘫": "j",
	"𝙟": "j",
	"𝚓": "j",
	"k": "k",
	"ｋ": "k",
	"𝐤": "k",
	"𝑘": "k",
	"𝒌": "k",
	"𝓀": "k",
	"𝓴": "k",
	"𝔨": "k",
	"𝕜": "k",
	"𝖐": "k",
	"𝗄": "k",
	"𝗸": "k",
	"𝘬": "k",
	"𝙠": "k",
	"𝚔": "k",
	"m": "m",
	"ｍ": "m",
	"n": "n",
	"ո": "n",
	"ռ": "n",
	"ｎ": "n",
	"𝐧": "n",
	"𝑛": "n",
	"𝒏": "n",
	"𝓃": "n",
	"𝓷": "n",
	"𝔫": "n",
	"𝕟": "n",
	"𝖓": "n",
	"𝗇": "n",
	"𝗻": "n",
	"𝘯": "n",
	"𝙣": "n",
	"𝚗": "n",
	"p": "p",
	"ρ": "p",
	"ϱ": "p",
	"р": "p",
	"⍴": "p",
	"ⲣ": "p",
	"ｐ": "p",
	"𝐩": "p",
	"𝑝": "p",
	"𝒑": "p",
	"𝓅": "p",
	"𝓹": "p",
	"𝔭": "p",
	"𝕡": "p",
	"𝖕": "p",
	"𝗉": "p",
	"𝗽": "p",
	"𝘱": "p",
	"𝙥": "p",
	"𝚙": "p",
	"𝛒": "p",
	"𝛠": "p",
	"𝜌": "p",
	"𝜚": "p",
	"𝝆": "p",
	"𝝔": "p",
	"𝞀": "p",
	"𝞎": "p",
	"𝞺": "p",
	"𝟈": "p",
	"q": "q",
	"ԛ": "q",
	"գ": "q",
	"զ": "q",
	"ｑ": "q",
	"𝐪": "q",
	"𝑞": "q",
	"𝒒": "q",
	"𝓆": "q",
	"𝓺": "q",
	"𝔮": "q",
	"𝕢": "q",
	"𝖖": "q",
	"𝗊": "q",
	"𝗾": "q",
	"𝘲": "q",
	"𝙦": "q",
	"𝚚": "q",
	"r": "r",
	"г": "r",
	"ᴦ": "r",
	"ⲅ": "r",
	"ꭇ": "r",
	"ꭈ": "r",
	"ꮁ": "r",
	"ｒ": "r",
	"𝐫": "r",
	"𝑟": "r",
	"𝒓": "r",
	"𝓇": "r",
	"𝓻": "r",
	"𝔯": "r",
	"𝕣": "r",
	"𝖗": "r",
	"𝗋": "r",
	"𝗿": "r",
	"𝘳": "r",
	"𝙧": "r",
	"𝚛": "r",
	"s": "s",
	"ƽ": "s",
	"ѕ": "s",
	"ꜱ": "s",
	"ꮪ": "s",
	"ｓ": "s",
	"𐑈": "s",
	"𑣁": "s",
	"𝐬": "s",
	"𝑠": "s",
	"𝒔": "s",
	"𝓈": "s",
	"𝓼": "s",
	"𝔰": "s",
	"𝕤": "s",
	"𝖘": "s",
	"𝗌": "s",
	"𝘀": "s",
	"𝘴": "s",
	"𝙨": "s",
	"𝚜": "s",
	"t": "t",
	"ｔ": "t",
	"𝐭": "t",
	"𝑡": "t",
	"𝒕": "t",
	"𝓉": "t",
	"𝓽": "t",
	"𝔱": "t",
	"𝕥": "t",
	"𝖙": "t",
	"𝗍": "t",
	"𝘁": "t",
	"𝘵": "t",
	"𝙩": "t",
	"𝚝": "t",
	"u": "u",
	"ʋ": "u",
	"υ": "u",
	"ս": "u",
	"ᴜ": "u",
	"ꞟ": "u",
	"ꭎ": "u",
	"ꭒ": "u",
	"ｕ": "u",
	"𐓶": "u",
	"𑣘": "u",
	"𝐮": "u",
	"𝑢": "u",
	"𝒖": "u",
	"𝓊": "u",
	"𝓾": "u",
	"𝔲": "u",
	"𝕦": "u",
	"𝖚": "u",
	"𝗎": "u",
	"𝘂": "u",
	"𝘶": "u",
	"𝙪": "u",
	"𝚞": "u",
	"𝛖": "u",
	"𝜐": "u",
	"𝝊": "u",
	"𝞄": "u",
	"𝞾": "u",
	"v": "v",
	"ν": "v",
	"ѵ": "v",
	"ט": "v",
	"ᴠ": "v",
	"ⅴ": "v",
	"∨": "v",
	"⋁": "v",
	"ꮩ": "v",
	"ｖ": "v",
	"𑜆": "v",
	"𑣀": "v",
	"𝐯": "v",
	"𝑣": "v",
	"𝒗": "v",
	"𝓋": "v",
	"𝓿": "v",
	"𝔳": "v",
	"𝕧": "v",
	"𝖛": "v",
	"𝗏": "v",
	"𝘃": "v",
	"𝘷": "v",
	"𝙫": "v",
	"𝚟": "v",
	"𝛎": "v",
	"𝜈": "v",
	"𝝂": "v",
	"𝝼": "v",
	"𝞶": "v",
	"w": "w",
	"ɯ": "w",
	"ѡ": "w",
	"ԝ": "w",
	"ա": "w",
	"ᴡ": "w",
	"ꮃ": "w",
	"ｗ": "w",
	"𑜊": "w",
	"𑜎": "w",
	"𑜏": "w",
	"𝐰": "w",
	"𝑤": "w",
	"𝒘": "w",
	"𝓌": "w",
	"𝔀": "w",
	"𝔴": "w",
	"𝕨": "w",
	"𝖜": "w",
	"𝗐": "w",
	"𝘄": "w",
	"𝘸": "w",
	"𝙬": "w",
	"𝚠": "w",
	"x": "x",
	"×": "x",
	"х": "x",
	"ᕁ": "x",
	"ᕽ": "x",
	"᙮": "x",
	"ⅹ": "x",
	"⤫": "x",
	"⤬": "x",
	"⨯": "x",
	"ｘ": "x",
	"𝐱": "x",
	"𝑥": "x",
	"𝒙": "x",
	"𝓍": "x",
	"𝔁": "x",
	"𝔵": "x",
	"𝕩": "x",
	"𝖝": "x",
	"𝗑": "x",
	"𝘅": "x",
	"𝘹": "x",
	"𝙭": "x",
	"𝚡": "x",
	"y": "y",
	"ɣ": "y",
	"ʏ": "y",
	"γ": "y",
	"у": "y",
	"ү": "y",
	"ყ": "y",
	"ᶌ": "y",
	"ỿ": "y",
	"ℽ": "y",
	"ꭚ": "y",
	"ｙ": "y",
	"𑣜": "y",
	"𝐲": "y",
	"𝑦": "y",
	"𝒚": "y",
	"𝓎": "y",
	"𝔂": "y",
	"𝔶": "y",
	"𝕪": "y",
	"𝖞": "y",
	"𝗒": "y",
	"𝘆": "y",
	"𝘺": "y",
	"𝙮": "y",
	"𝚢": "y",
	"𝛄": "y",
	"𝛾": "y",
	"𝜸": "y",
	"𝝲": "y",
	"𝞬": "y",
	"z": "z",
	"ᴢ": "z",
	"ꮓ": "z",
	"ｚ": "z",
	"𑣄": "z",
	"𝐳": "z",
	"𝑧": "z",
	"𝒛": "z",
	"𝓏": "z",
	"𝔃": "z",
	"𝔷": "z",
	"𝕫": "z",
	"𝖟": "z",
	"𝗓": "z",
	"𝘇": "z",
	"𝘻": "z",
	"𝙯": "z",
	"𝚣": "z"
}
