{
  "tokens": {
  },
  "notes": "I ADDED THE EXTRA a'a TO CAUSE THE ADDRESSES TO BE INVALID.  THIS FILE ONLY SERVES AS A DUMMY/MOCK.",
  "max gas price": "50000000000",
  "reserve": "0x63825c174ab367968EC60f061753D3bbD36A0D8Faaaaaaaa",
  "pricing": "0x798AbDA6Cc246D0EDbA912092A2a3dBd3d11191Baaaaaaaa",
  "pricing wrapper": "0x97b82E42a0c04bAd5E61e7cFb4806317d608D809aaaaaaaa",
  "network": "0x964F35fAe36d75B1e72770e244F6595B68508CF5aaaaaaaa",
  "wrapper": "0x6172AFC8c00c46E0D07ce3AF203828198194620aaaaaaaaa",
  "feeburner": "0x07f6e905f2a1559cd9fd43cb92f8a1062a3ca706aaaaaaaa",
  "whitelist": "0x6e106a75d369d09a9ea1dcc16da844792aa669a3aaaaaaaa"
}